office_name,property_full_address,client_emails,agent_emails,appointment_type,appointment_status,appointment_notes,interaction_datetime
Dream Homes Metro Brooklyn,"180 Timothy Spring, Brooklyn, NY",ivan.fernandez1109@example.com; jesse.kane9072@example.com,angela.woods7376@dreamhomes.com,Viewing,Completed,Discussed pricing expectations and market conditions,2018-01-17 05:10:24
Dream Homes Garden Jersey City,"544 Martin Hills, Hoboken, NJ",blake.miller5098@example.com; valerie.peterson3420@example.com,janet.kim9646@dreamhomes.com; kristen.woods6052@dreamhomes.com,Viewing,Completed,Covered financing readiness and next steps,2018-01-27 04:17:59
Dream Homes Harbor Newark,"461 Betty Road, Edgewater, NJ",roberto.yates4694@example.com,julia.roberson8712@dreamhomes.com,Viewing,Completed,General consultation for prospective clients,2018-02-05 14:45:38
Dream Homes Gold Coast Stamford,"663 Angela Landing, New Haven, CT",frank.tyler5524@example.com,tina.ramirez1373@dreamhomes.com,Viewing,Completed,Covered financing readiness and next steps,2018-02-05 18:15:57
Dream Homes Garden Jersey City,"397 Yolanda Branch, Edgewater, NJ",blake.miller5098@example.com,thomas.leach9910@dreamhomes.com,Viewing,Completed,General consultation for prospective clients,2018-03-06 17:28:59
Dream Homes Garden Jersey City,"431 William Plaza, Fort Lee, NJ",michele.ramirez8429@example.com,karen.clark2103@dreamhomes.com; kristen.woods6052@dreamhomes.com,Follow-up,Scheduled,Walk-through focused on layout and neighborhood fit,2018-03-07 13:25:39
Dream Homes Garden Jersey City,"433 Hannah Circles, Newark, NJ",david.rodriguez7820@example.com; sarah.armstrong4883@example.com,janet.kim9646@dreamhomes.com; thomas.leach9910@dreamhomes.com,Follow-up,Completed,Covered financing readiness and next steps,2018-03-09 13:46:01
Dream Homes Metro Brooklyn,"180 Timothy Spring, Brooklyn, NY",frank.tyler5524@example.com,frank.preston2605@dreamhomes.com; stanley.mooney4062@dreamhomes.com,Follow-up,Completed,Discussed pricing expectations and market conditions,2018-03-29 13:11:24
Dream Homes Metro Brooklyn,"154 Wolfe Mission, Long Island City, NY",eric.silva9746@example.com; frank.tyler5524@example.com,angela.woods7376@dreamhomes.com,Viewing,Completed,General consultation for prospective clients,2018-03-31 23:05:05
Dream Homes Harbor Newark,"485 Schroeder Ramp, Newark, NJ",jeffery.smith7042@example.com,janet.kim9646@dreamhomes.com,Consultation,Completed,Reviewed rental screening requirements,2018-04-17 02:33:40
Dream Homes Gold Coast Stamford,"782 Prince Stream, Greenwich, CT",michele.ramirez8429@example.com; travis.robinson7859@example.com,vanessa.gomez6042@dreamhomes.com,Viewing,Completed,Reviewed rental screening requirements,2018-04-19 06:16:51
Dream Homes Harbor Newark,"544 Martin Hills, Hoboken, NJ",michele.ramirez8429@example.com,janet.kim9646@dreamhomes.com,Follow-up,Scheduled,Reviewed rental screening requirements,2018-04-23 06:03:27
Dream Homes Gold Coast Stamford,"713 Tran Course, Greenwich, CT",jeffery.smith7042@example.com,katherine.miller6806@dreamhomes.com,Viewing,Completed,Walk-through focused on layout and neighborhood fit,2018-04-23 10:28:54
Dream Homes Garden Jersey City,"433 Hannah Circles, Newark, NJ",kyle.hall3355@example.com; valerie.peterson3420@example.com,janet.kim9646@dreamhomes.com; karen.clark2103@dreamhomes.com,Consultation,Completed,Reviewed rental screening requirements,2018-04-23 19:34:27
Dream Homes Metro Brooklyn,"144 Bell Avenue, Brooklyn, NY",cassandra.collins9638@example.com,frank.preston2605@dreamhomes.com,Consultation,Completed,Covered financing readiness and next steps,2018-04-26 16:15:30
Dream Homes Metro Brooklyn,"154 Wolfe Mission, Long Island City, NY",ivan.fernandez1109@example.com,frank.preston2605@dreamhomes.com,Follow-up,Completed,Covered financing readiness and next steps,2018-05-05 06:31:18
Dream Homes Metro Queens,"326 Amy Greens, Brooklyn, NY",eric.silva9746@example.com,erica.rogers3495@dreamhomes.com,Viewing,Scheduled,Walk-through focused on layout and neighborhood fit,2018-05-06 03:26:05
Dream Homes Gold Coast Stamford,"713 Tran Course, Greenwich, CT",blake.miller5098@example.com; jesse.kane9072@example.com,tina.ramirez1373@dreamhomes.com,Viewing,Completed,Reviewed rental screening requirements,2018-05-16 09:43:11
Dream Homes Metro Brooklyn,"144 Bell Avenue, Brooklyn, NY",roberto.yates4694@example.com,frank.preston2605@dreamhomes.com,Follow-up,Completed,Reviewed rental screening requirements,2018-05-19 06:06:33
Dream Homes Metro Queens,"322 Kristen Rapids, Long Island City, NY",melissa.ross1428@example.com,crystal.powell2551@dreamhomes.com,Consultation,Scheduled,Discussed pricing expectations and market conditions,2018-05-21 03:21:43
Dream Homes Metro Brooklyn,"154 Wolfe Mission, Long Island City, NY",chris.brewer3109@example.com; kristen.cox5628@example.com,angela.woods7376@dreamhomes.com,Viewing,Completed,Covered financing readiness and next steps,2018-05-25 11:09:14
Dream Homes Harbor Newark,"485 Schroeder Ramp, Newark, NJ",roberto.yates4694@example.com,julia.roberson8712@dreamhomes.com; thomas.leach9910@dreamhomes.com,Follow-up,Completed,Covered financing readiness and next steps,2018-06-02 05:03:48
Dream Homes Harbor Newark,"444 Ryan Dale, Hoboken, NJ",sarah.armstrong4883@example.com,thomas.leach9910@dreamhomes.com,Consultation,Completed,General consultation for prospective clients,2018-06-30 10:22:49
Dream Homes Harbor Newark,"448 Palmer Shores, Hoboken, NJ",kyle.hall3355@example.com; valerie.peterson3420@example.com,damon.gonzalez618@dreamhomes.com,Consultation,Completed,Walk-through focused on layout and neighborhood fit,2018-07-04 08:56:47
Dream Homes Metro Queens,"326 Amy Greens, Brooklyn, NY",chris.brewer3109@example.com; david.rodriguez7820@example.com,jill.carrillo7109@dreamhomes.com,Follow-up,Scheduled,General consultation for prospective clients,2018-07-24 16:47:45
Dream Homes Gold Coast Stamford,"713 Tran Course, Greenwich, CT",sarah.armstrong4883@example.com,sheila.byrd4387@dreamhomes.com,Follow-up,Completed,Walk-through focused on layout and neighborhood fit,2018-07-27 04:37:53
Dream Homes Metro Brooklyn,"144 Bell Avenue, Brooklyn, NY",david.rodriguez7820@example.com,erica.rogers3495@dreamhomes.com; stanley.mooney4062@dreamhomes.com,Viewing,Completed,General consultation for prospective clients,2018-08-05 17:11:54
Dream Homes Garden Jersey City,"397 Yolanda Branch, Edgewater, NJ",cassandra.collins9638@example.com,thomas.leach9910@dreamhomes.com,Follow-up,Cancelled,Walk-through focused on layout and neighborhood fit,2018-08-10 10:12:09
Dream Homes North Star Greenwich,"701 Tracy Ports, Bridgeport, CT",eric.silva9746@example.com,jennifer.tran397@dreamhomes.com; vanessa.gomez6042@dreamhomes.com,Follow-up,Completed,Covered financing readiness and next steps,2018-08-16 23:15:59
Dream Homes Harbor Newark,"473 Carolyn Avenue, Hoboken, NJ",ivan.fernandez1109@example.com; jeffery.smith7042@example.com,karen.clark2103@dreamhomes.com,Follow-up,Completed,General consultation for prospective clients,2018-08-19 18:32:20
Dream Homes North Star Greenwich,"701 Tracy Ports, Bridgeport, CT",erica.lynch3304@example.com,sheila.byrd4387@dreamhomes.com,Follow-up,Completed,Discussed pricing expectations and market conditions,2018-08-27 10:11:18
Dream Homes Gold Coast Stamford,"760 Chang Lodge, Bridgeport, CT",kyle.hall3355@example.com,joshua.best1119@dreamhomes.com,Viewing,Cancelled,Walk-through focused on layout and neighborhood fit,2018-09-06 04:07:04
Dream Homes Garden Jersey City,"544 Martin Hills, Hoboken, NJ",michele.ramirez8429@example.com,janet.kim9646@dreamhomes.com; kristen.woods6052@dreamhomes.com,Follow-up,Completed,Reviewed rental screening requirements,2018-09-07 04:26:51
Dream Homes Harbor Newark,"544 Martin Hills, Hoboken, NJ",cassandra.collins9638@example.com; chris.brewer3109@example.com,damon.gonzalez618@dreamhomes.com,Viewing,Completed,General consultation for prospective clients,2018-09-16 00:33:33
Dream Homes Metro Brooklyn,"307 Candice Center, New York, NY",cassandra.collins9638@example.com; melissa.ross1428@example.com,angela.woods7376@dreamhomes.com; crystal.powell2551@dreamhomes.com,Follow-up,Completed,Discussed pricing expectations and market conditions,2018-09-19 20:46:00
Dream Homes Garden Jersey City,"397 Yolanda Branch, Edgewater, NJ",chris.brewer3109@example.com,janet.kim9646@dreamhomes.com,Consultation,Completed,Reviewed rental screening requirements,2018-10-04 09:24:20
Dream Homes Gold Coast Stamford,"663 Angela Landing, New Haven, CT",jeffery.smith7042@example.com; michele.ramirez8429@example.com,sheila.byrd4387@dreamhomes.com,Follow-up,Completed,Covered financing readiness and next steps,2018-10-10 22:26:07
Dream Homes Harbor Newark,"418 Brown Pike, Edgewater, NJ",kristen.cox5628@example.com,bryan.riddle4780@dreamhomes.com,Follow-up,Completed,Reviewed rental screening requirements,2018-10-13 14:56:13
Dream Homes Gold Coast Stamford,"760 Chang Lodge, Bridgeport, CT",erica.lynch3304@example.com,sheila.byrd4387@dreamhomes.com,Consultation,Completed,Reviewed rental screening requirements,2018-10-22 09:40:34
Dream Homes Metro Brooklyn,"180 Timothy Spring, Brooklyn, NY",melissa.ross1428@example.com,jill.carrillo7109@dreamhomes.com,Consultation,Cancelled,General consultation for prospective clients,2018-10-25 06:46:49
Dream Homes Garden Jersey City,"433 Hannah Circles, Newark, NJ",jeffery.smith7042@example.com; jesse.kane9072@example.com,thomas.leach9910@dreamhomes.com,Consultation,Completed,General consultation for prospective clients,2018-11-07 05:00:54
Dream Homes Metro Brooklyn,"248 Singh Plains, Long Island City, NY",melissa.ross1428@example.com,jill.carrillo7109@dreamhomes.com,Consultation,Completed,Walk-through focused on layout and neighborhood fit,2018-11-12 06:54:52
Dream Homes Harbor Newark,"485 Schroeder Ramp, Newark, NJ",jesse.kane9072@example.com,bryan.riddle4780@dreamhomes.com,Viewing,Completed,Reviewed rental screening requirements,2018-11-13 19:58:38
Dream Homes North Star Greenwich,"760 Chang Lodge, Bridgeport, CT",mark.snow7495@example.com,katherine.miller6806@dreamhomes.com,Viewing,Scheduled,Discussed pricing expectations and market conditions,2018-11-26 05:26:21
Dream Homes Gold Coast Stamford,"760 Chang Lodge, Bridgeport, CT",sarah.armstrong4883@example.com,donna.meadows3689@dreamhomes.com; joshua.best1119@dreamhomes.com,Consultation,Completed,Walk-through focused on layout and neighborhood fit,2018-12-09 00:36:15
Dream Homes Harbor Newark,"418 Brown Pike, Edgewater, NJ",cassandra.collins9638@example.com; sarah.armstrong4883@example.com,julia.roberson8712@dreamhomes.com,Consultation,Scheduled,General consultation for prospective clients,2018-12-14 08:12:03
Dream Homes Metro Queens,"326 Amy Greens, Brooklyn, NY",sarah.armstrong4883@example.com,stanley.mooney4062@dreamhomes.com,Follow-up,Completed,General consultation for prospective clients,2018-12-14 12:56:31
Dream Homes Metro Brooklyn,"248 Singh Plains, Long Island City, NY",erica.lynch3304@example.com,frank.preston2605@dreamhomes.com,Viewing,Completed,Covered financing readiness and next steps,2018-12-17 15:05:16
Dream Homes Gold Coast Stamford,"663 Angela Landing, New Haven, CT",kyle.hall3355@example.com,jennifer.tran397@dreamhomes.com; vanessa.gomez6042@dreamhomes.com,Consultation,Completed,Discussed pricing expectations and market conditions,2018-12-25 09:04:17
Dream Homes Metro Queens,"212 Jenny Brooks, Long Island City, NY",blake.miller5098@example.com; roberto.yates4694@example.com,erica.rogers3495@dreamhomes.com; jill.carrillo7109@dreamhomes.com,Viewing,Completed,Reviewed rental screening requirements,2018-12-30 10:10:51
Dream Homes North Star Greenwich,"566 Dalton Expressway, Stamford, CT",eric.silva9746@example.com,jennifer.tran397@dreamhomes.com; sheila.byrd4387@dreamhomes.com,Consultation,Completed,General consultation for prospective clients,2019-01-03 03:54:00
Dream Homes Metro Queens,"100 Anthony Field, Queens, NY",blake.miller5098@example.com; erica.lynch3304@example.com,erica.rogers3495@dreamhomes.com,Viewing,Completed,Discussed pricing expectations and market conditions,2019-01-03 04:58:10
Dream Homes Gold Coast Stamford,"640 Brian Avenue, Greenwich, CT",roberto.yates4694@example.com,donna.meadows3689@dreamhomes.com,Viewing,Scheduled,Discussed pricing expectations and market conditions,2019-01-05 00:26:01
Dream Homes Metro Queens,"294 Vanessa Divide, Long Island City, NY",frank.tyler5524@example.com,erica.rogers3495@dreamhomes.com; jill.carrillo7109@dreamhomes.com,Consultation,Completed,Discussed pricing expectations and market conditions,2019-01-05 10:24:19
Dream Homes North Star Greenwich,"786 Lauren Junctions, Greenwich, CT",jeffery.smith7042@example.com,joshua.best1119@dreamhomes.com,Follow-up,Completed,Covered financing readiness and next steps,2019-01-06 02:29:09
Dream Homes Metro Queens,"294 Vanessa Divide, Long Island City, NY",roberto.yates4694@example.com,erica.rogers3495@dreamhomes.com; stanley.mooney4062@dreamhomes.com,Follow-up,Scheduled,General consultation for prospective clients,2019-01-09 03:11:42
Dream Homes North Star Greenwich,"740 Christopher Courts, New Haven, CT",catherine.payne4177@example.com,jennifer.tran397@dreamhomes.com,Viewing,Scheduled,Reviewed rental screening requirements,2019-01-18 04:46:17
Dream Homes Garden Jersey City,"428 Contreras Roads, Hoboken, NJ",kyle.hall3355@example.com,julia.roberson8712@dreamhomes.com,Follow-up,Completed,Walk-through focused on layout and neighborhood fit,2019-01-20 13:46:41
Dream Homes Gold Coast Stamford,"810 Johns Ports, Greenwich, CT",erica.lynch3304@example.com,jennifer.tran397@dreamhomes.com,Consultation,Completed,General consultation for prospective clients,2019-01-29 16:23:17
Dream Homes North Star Greenwich,"786 Lauren Junctions, Greenwich, CT",cassandra.collins9638@example.com,vanessa.gomez6042@dreamhomes.com,Viewing,Completed,Reviewed rental screening requirements,2019-02-08 18:05:39
Dream Homes North Star Greenwich,"602 Adriana Cape, Greenwich, CT",kyle.hall3355@example.com; valerie.peterson3420@example.com,joshua.best1119@dreamhomes.com; sheila.byrd4387@dreamhomes.com,Viewing,Completed,Reviewed rental screening requirements,2019-02-16 00:12:50
Dream Homes Gold Coast Stamford,"640 Brian Avenue, Greenwich, CT",jesse.kane9072@example.com,katherine.miller6806@dreamhomes.com; vanessa.gomez6042@dreamhomes.com,Consultation,Scheduled,Reviewed rental screening requirements,2019-02-20 23:24:16
Dream Homes Gold Coast Stamford,"782 Prince Stream, Greenwich, CT",kristen.cox5628@example.com,joshua.best1119@dreamhomes.com,Follow-up,Completed,General consultation for prospective clients,2019-03-04 10:44:05
Dream Homes Metro Queens,"111 Bryan Street, Long Island City, NY",cassandra.collins9638@example.com; catherine.payne4177@example.com,frank.preston2605@dreamhomes.com,Viewing,Scheduled,Discussed pricing expectations and market conditions,2019-03-14 08:55:50
Dream Homes Metro Queens,"245 Cassie Fort, New York, NY",catherine.payne4177@example.com,frank.preston2605@dreamhomes.com,Follow-up,Completed,Discussed pricing expectations and market conditions,2019-03-16 11:46:00
Dream Homes Gold Coast Stamford,"810 Johns Ports, Greenwich, CT",blake.miller5098@example.com,donna.meadows3689@dreamhomes.com,Viewing,Completed,Discussed pricing expectations and market conditions,2019-03-26 10:54:44
Dream Homes Metro Queens,"111 Bryan Street, Long Island City, NY",mark.snow7495@example.com,crystal.powell2551@dreamhomes.com; stanley.mooney4062@dreamhomes.com,Follow-up,Completed,Walk-through focused on layout and neighborhood fit,2019-03-28 11:03:58
Dream Homes Harbor Newark,"550 Mccarthy Place, Jersey City, NJ",jesse.kane9072@example.com,damon.gonzalez618@dreamhomes.com,Consultation,Scheduled,General consultation for prospective clients,2019-03-31 21:44:16
Dream Homes Metro Queens,"100 Anthony Field, Queens, NY",melissa.ross1428@example.com; michele.ramirez8429@example.com,angela.woods7376@dreamhomes.com,Consultation,Completed,Discussed pricing expectations and market conditions,2019-04-09 00:44:19
Dream Homes Metro Brooklyn,"187 Herbert Ridges, Long Island City, NY",eric.silva9746@example.com,jill.carrillo7109@dreamhomes.com; stanley.mooney4062@dreamhomes.com,Consultation,Scheduled,General consultation for prospective clients,2019-04-11 14:07:28
Dream Homes Metro Brooklyn,"180 Timothy Spring, Brooklyn, NY",mark.snow7495@example.com,frank.preston2605@dreamhomes.com,Viewing,Completed,General consultation for prospective clients,2019-04-27 20:51:14
Dream Homes Garden Jersey City,"354 Pamela Heights, Hoboken, NJ",kristen.cox5628@example.com; sarah.armstrong4883@example.com,bryan.riddle4780@dreamhomes.com,Follow-up,Completed,Covered financing readiness and next steps,2019-04-28 07:08:20
Dream Homes Garden Jersey City,"428 Contreras Roads, Hoboken, NJ",melissa.ross1428@example.com; sarah.armstrong4883@example.com,bryan.riddle4780@dreamhomes.com; kristen.woods6052@dreamhomes.com,Follow-up,Completed,Walk-through focused on layout and neighborhood fit,2019-05-02 14:55:41
Dream Homes Garden Jersey City,"444 Ryan Dale, Hoboken, NJ",blake.miller5098@example.com; jesse.kane9072@example.com,thomas.leach9910@dreamhomes.com,Viewing,Cancelled,Discussed pricing expectations and market conditions,2019-05-07 23:33:50
Dream Homes Garden Jersey City,"354 Pamela Heights, Hoboken, NJ",michele.ramirez8429@example.com; roberto.yates4694@example.com,bryan.riddle4780@dreamhomes.com; thomas.leach9910@dreamhomes.com,Follow-up,Completed,Discussed pricing expectations and market conditions,2019-05-17 13:11:12
Dream Homes Gold Coast Stamford,"713 Tran Course, Greenwich, CT",michele.ramirez8429@example.com,tina.ramirez1373@dreamhomes.com; vanessa.gomez6042@dreamhomes.com,Consultation,Completed,Reviewed rental screening requirements,2019-05-30 12:41:58
Dream Homes Gold Coast Stamford,"786 Lauren Junctions, Greenwich, CT",blake.miller5098@example.com,katherine.miller6806@dreamhomes.com,Viewing,Cancelled,Covered financing readiness and next steps,2019-06-10 21:16:05
Dream Homes Metro Queens,"111 Bryan Street, Long Island City, NY",david.rodriguez7820@example.com,stanley.mooney4062@dreamhomes.com,Consultation,Completed,Reviewed rental screening requirements,2019-06-24 06:37:00
Dream Homes North Star Greenwich,"566 Dalton Expressway, Stamford, CT",michele.ramirez8429@example.com; roberto.yates4694@example.com,donna.meadows3689@dreamhomes.com; sheila.byrd4387@dreamhomes.com,Viewing,Scheduled,General consultation for prospective clients,2019-06-25 17:08:48
Dream Homes Gold Coast Stamford,"713 Tran Course, Greenwich, CT",jesse.kane9072@example.com,vanessa.gomez6042@dreamhomes.com,Consultation,Completed,Walk-through focused on layout and neighborhood fit,2019-07-02 13:55:18
Dream Homes North Star Greenwich,"632 Gibbs Court, Norwalk, CT",kristen.cox5628@example.com,sheila.byrd4387@dreamhomes.com,Viewing,Scheduled,Walk-through focused on layout and neighborhood fit,2019-07-05 23:57:45
Dream Homes North Star Greenwich,"632 Gibbs Court, Norwalk, CT",erica.lynch3304@example.com; valerie.peterson3420@example.com,tina.ramirez1373@dreamhomes.com,Consultation,Completed,Reviewed rental screening requirements,2019-07-07 21:05:42
Dream Homes Harbor Newark,"528 Jose Radial, Hoboken, NJ",sarah.armstrong4883@example.com,damon.gonzalez618@dreamhomes.com; kristen.woods6052@dreamhomes.com,Consultation,Completed,Discussed pricing expectations and market conditions,2019-07-16 06:04:38
Dream Homes Gold Coast Stamford,"810 Johns Ports, Greenwich, CT",melissa.ross1428@example.com,joshua.best1119@dreamhomes.com; sheila.byrd4387@dreamhomes.com,Follow-up,Completed,General consultation for prospective clients,2019-07-16 23:53:40
Dream Homes North Star Greenwich,"749 David Mill, Greenwich, CT",erica.lynch3304@example.com,donna.meadows3689@dreamhomes.com,Viewing,Completed,Discussed pricing expectations and market conditions,2019-07-21 21:15:31
Dream Homes Harbor Newark,"550 Mccarthy Place, Jersey City, NJ",erica.lynch3304@example.com; michele.ramirez8429@example.com,janet.kim9646@dreamhomes.com,Follow-up,Scheduled,General consultation for prospective clients,2019-07-27 05:47:30
Dream Homes Metro Brooklyn,"180 Timothy Spring, Brooklyn, NY",erica.lynch3304@example.com,erica.rogers3495@dreamhomes.com,Consultation,Cancelled,Discussed pricing expectations and market conditions,2019-08-14 19:48:12
Dream Homes Gold Coast Stamford,"640 Brian Avenue, Greenwich, CT",michele.ramirez8429@example.com,jennifer.tran397@dreamhomes.com; tina.ramirez1373@dreamhomes.com,Follow-up,Completed,Walk-through focused on layout and neighborhood fit,2019-08-17 10:15:13
Dream Homes North Star Greenwich,"602 Adriana Cape, Greenwich, CT",kristen.cox5628@example.com; roberto.yates4694@example.com,donna.meadows3689@dreamhomes.com; joshua.best1119@dreamhomes.com,Follow-up,Completed,Reviewed rental screening requirements,2019-08-26 13:57:45
Dream Homes Metro Queens,"245 Cassie Fort, New York, NY",sarah.armstrong4883@example.com,erica.rogers3495@dreamhomes.com,Viewing,Completed,Reviewed rental screening requirements,2019-08-30 08:38:58
Dream Homes North Star Greenwich,"608 Jeffrey Gardens, Norwalk, CT",chris.brewer3109@example.com; sarah.armstrong4883@example.com,jennifer.tran397@dreamhomes.com; katherine.miller6806@dreamhomes.com,Viewing,Completed,Covered financing readiness and next steps,2019-08-30 22:04:50
Dream Homes Gold Coast Stamford,"749 David Mill, Greenwich, CT",frank.tyler5524@example.com,tina.ramirez1373@dreamhomes.com,Consultation,Completed,Covered financing readiness and next steps,2019-09-02 05:05:15
Dream Homes Metro Brooklyn,"180 Timothy Spring, Brooklyn, NY",jesse.kane9072@example.com,crystal.powell2551@dreamhomes.com,Viewing,Cancelled,General consultation for prospective clients,2019-09-06 09:15:01
Dream Homes Metro Queens,"326 Amy Greens, Brooklyn, NY",sarah.armstrong4883@example.com,jill.carrillo7109@dreamhomes.com; stanley.mooney4062@dreamhomes.com,Viewing,Scheduled,Covered financing readiness and next steps,2019-09-06 10:22:51
Dream Homes Harbor Newark,"550 Mccarthy Place, Jersey City, NJ",frank.tyler5524@example.com,kristen.woods6052@dreamhomes.com; thomas.leach9910@dreamhomes.com,Viewing,Completed,Discussed pricing expectations and market conditions,2019-09-20 02:26:09
Dream Homes North Star Greenwich,"608 Jeffrey Gardens, Norwalk, CT",roberto.yates4694@example.com,donna.meadows3689@dreamhomes.com,Consultation,Completed,Reviewed rental screening requirements,2019-10-07 13:33:56
Dream Homes Harbor Newark,"528 Jose Radial, Hoboken, NJ",david.rodriguez7820@example.com; jesse.kane9072@example.com,kristen.woods6052@dreamhomes.com,Viewing,Scheduled,Reviewed rental screening requirements,2019-10-08 05:25:41
Dream Homes North Star Greenwich,"740 Christopher Courts, New Haven, CT",michele.ramirez8429@example.com,jennifer.tran397@dreamhomes.com; vanessa.gomez6042@dreamhomes.com,Follow-up,Scheduled,Covered financing readiness and next steps,2019-10-25 19:08:38
Dream Homes Harbor Newark,"489 Stuart Drives, Jersey City, NJ",erica.lynch3304@example.com; kristen.cox5628@example.com,thomas.leach9910@dreamhomes.com,Consultation,Completed,General consultation for prospective clients,2019-10-26 09:29:52
Dream Homes Gold Coast Stamford,"749 David Mill, Greenwich, CT",chris.brewer3109@example.com; travis.robinson7859@example.com,joshua.best1119@dreamhomes.com,Viewing,Scheduled,Covered financing readiness and next steps,2019-10-29 23:04:59
Dream Homes Garden Jersey City,"418 Brown Pike, Edgewater, NJ",ivan.fernandez1109@example.com; kyle.hall3355@example.com,janet.kim9646@dreamhomes.com,Follow-up,Completed,Discussed pricing expectations and market conditions,2019-11-03 05:57:40
Dream Homes North Star Greenwich,"749 David Mill, Greenwich, CT",eric.silva9746@example.com,jennifer.tran397@dreamhomes.com; joshua.best1119@dreamhomes.com,Consultation,Cancelled,General consultation for prospective clients,2019-11-06 05:13:48
Dream Homes Garden Jersey City,"444 Ryan Dale, Hoboken, NJ",valerie.peterson3420@example.com,damon.gonzalez618@dreamhomes.com,Consultation,Completed,Reviewed rental screening requirements,2019-11-06 17:25:20
Dream Homes North Star Greenwich,"749 David Mill, Greenwich, CT",roberto.yates4694@example.com,donna.meadows3689@dreamhomes.com,Viewing,Cancelled,Covered financing readiness and next steps,2019-11-07 13:46:50
Dream Homes North Star Greenwich,"632 Gibbs Court, Norwalk, CT",david.rodriguez7820@example.com; michele.ramirez8429@example.com,joshua.best1119@dreamhomes.com,Follow-up,Cancelled,Walk-through focused on layout and neighborhood fit,2019-11-14 12:10:19
Dream Homes North Star Greenwich,"608 Jeffrey Gardens, Norwalk, CT",erica.lynch3304@example.com,jennifer.tran397@dreamhomes.com; vanessa.gomez6042@dreamhomes.com,Consultation,Completed,Reviewed rental screening requirements,2019-12-11 06:08:09
Dream Homes Garden Jersey City,"444 Ryan Dale, Hoboken, NJ",kyle.hall3355@example.com,julia.roberson8712@dreamhomes.com,Consultation,Completed,Reviewed rental screening requirements,2019-12-12 02:41:48
Dream Homes North Star Greenwich,"772 Morales Inlet, Norwalk, CT",cassandra.collins9638@example.com; sarah.armstrong4883@example.com,jennifer.tran397@dreamhomes.com,Viewing,Scheduled,Covered financing readiness and next steps,2020-01-02 05:08:03
Dream Homes Metro Queens,"222 Kim Union, Queens, NY",eric.silva9746@example.com,crystal.powell2551@dreamhomes.com,Consultation,Scheduled,General consultation for prospective clients,2020-01-02 10:35:49
Dream Homes Metro Queens,"212 Jenny Brooks, Long Island City, NY",david.rodriguez7820@example.com,erica.rogers3495@dreamhomes.com,Follow-up,Completed,Discussed pricing expectations and market conditions,2020-01-10 14:34:08
Dream Homes Gold Coast Stamford,"640 Brian Avenue, Greenwich, CT",roberto.yates4694@example.com,donna.meadows3689@dreamhomes.com; vanessa.gomez6042@dreamhomes.com,Viewing,Completed,Reviewed rental screening requirements,2020-01-11 14:17:00
Dream Homes Gold Coast Stamford,"663 Angela Landing, New Haven, CT",catherine.payne4177@example.com; frank.tyler5524@example.com,donna.meadows3689@dreamhomes.com; joshua.best1119@dreamhomes.com,Viewing,Completed,Walk-through focused on layout and neighborhood fit,2020-02-05 22:21:00
Dream Homes Harbor Newark,"385 Loretta Flats, Newark, NJ",sarah.armstrong4883@example.com,damon.gonzalez618@dreamhomes.com,Follow-up,Completed,Walk-through focused on layout and neighborhood fit,2020-02-05 23:43:12
Dream Homes Gold Coast Stamford,"663 Angela Landing, New Haven, CT",kristen.cox5628@example.com,vanessa.gomez6042@dreamhomes.com,Consultation,Completed,Reviewed rental screening requirements,2020-02-14 15:54:27
Dream Homes Harbor Newark,"385 Loretta Flats, Newark, NJ",catherine.payne4177@example.com,kristen.woods6052@dreamhomes.com,Consultation,Completed,Discussed pricing expectations and market conditions,2020-02-20 01:05:41
Dream Homes Metro Queens,"212 Jenny Brooks, Long Island City, NY",jesse.kane9072@example.com; travis.robinson7859@example.com,frank.preston2605@dreamhomes.com,Follow-up,Completed,Reviewed rental screening requirements,2020-02-28 15:20:49
Dream Homes Harbor Newark,"433 Hannah Circles, Newark, NJ",blake.miller5098@example.com,janet.kim9646@dreamhomes.com; karen.clark2103@dreamhomes.com,Follow-up,Completed,Covered financing readiness and next steps,2020-03-23 07:20:38
Dream Homes Gold Coast Stamford,"806 Jennifer Mews, Bridgeport, CT",michele.ramirez8429@example.com,joshua.best1119@dreamhomes.com,Consultation,Completed,Covered financing readiness and next steps,2020-04-06 17:55:20
Dream Homes Metro Queens,"222 Kim Union, Queens, NY",cassandra.collins9638@example.com; sarah.armstrong4883@example.com,angela.woods7376@dreamhomes.com; crystal.powell2551@dreamhomes.com,Viewing,Scheduled,Discussed pricing expectations and market conditions,2020-04-10 15:52:19
Dream Homes Metro Queens,"294 Vanessa Divide, Long Island City, NY",cassandra.collins9638@example.com,erica.rogers3495@dreamhomes.com,Viewing,Completed,General consultation for prospective clients,2020-04-10 22:12:41
Dream Homes Gold Coast Stamford,"640 Brian Avenue, Greenwich, CT",cassandra.collins9638@example.com,jennifer.tran397@dreamhomes.com,Consultation,Scheduled,Covered financing readiness and next steps,2020-04-19 15:22:21
Dream Homes North Star Greenwich,"749 David Mill, Greenwich, CT",blake.miller5098@example.com; chris.brewer3109@example.com,joshua.best1119@dreamhomes.com,Viewing,Completed,Reviewed rental screening requirements,2020-05-02 15:12:03
Dream Homes Harbor Newark,"431 William Plaza, Fort Lee, NJ",eric.silva9746@example.com; jeffery.smith7042@example.com,julia.roberson8712@dreamhomes.com,Consultation,Completed,Walk-through focused on layout and neighborhood fit,2020-05-04 04:37:46
Dream Homes Gold Coast Stamford,"663 Angela Landing, New Haven, CT",mark.snow7495@example.com,tina.ramirez1373@dreamhomes.com,Consultation,Completed,Covered financing readiness and next steps,2020-05-09 11:07:33
Dream Homes Metro Queens,"154 Wolfe Mission, Long Island City, NY",roberto.yates4694@example.com,stanley.mooney4062@dreamhomes.com,Follow-up,Completed,Discussed pricing expectations and market conditions,2020-06-08 04:04:42
Dream Homes Metro Queens,"129 Stephanie Union, New York, NY",blake.miller5098@example.com,angela.woods7376@dreamhomes.com,Follow-up,Completed,Discussed pricing expectations and market conditions,2020-06-13 19:32:09
Dream Homes Gold Coast Stamford,"591 Scott Inlet, New Haven, CT",jesse.kane9072@example.com; michele.ramirez8429@example.com,donna.meadows3689@dreamhomes.com; katherine.miller6806@dreamhomes.com,Follow-up,Completed,Reviewed rental screening requirements,2020-06-14 02:24:25
Dream Homes Metro Queens,"251 Jackson Key, Bronx, NY",melissa.ross1428@example.com,frank.preston2605@dreamhomes.com,Consultation,Cancelled,Reviewed rental screening requirements,2020-06-19 16:57:46
Dream Homes Harbor Newark,"446 Tammie Path, Hoboken, NJ",melissa.ross1428@example.com; travis.robinson7859@example.com,kristen.woods6052@dreamhomes.com,Viewing,Completed,General consultation for prospective clients,2020-07-02 06:20:33
Dream Homes Metro Queens,"212 Jenny Brooks, Long Island City, NY",frank.tyler5524@example.com; ivan.fernandez1109@example.com,erica.rogers3495@dreamhomes.com,Follow-up,Completed,Covered financing readiness and next steps,2020-07-15 08:23:12
Dream Homes North Star Greenwich,"749 David Mill, Greenwich, CT",jesse.kane9072@example.com; kristen.cox5628@example.com,sheila.byrd4387@dreamhomes.com,Follow-up,Completed,Walk-through focused on layout and neighborhood fit,2020-07-22 22:48:01
Dream Homes North Star Greenwich,"806 Jennifer Mews, Bridgeport, CT",kristen.cox5628@example.com; roberto.yates4694@example.com,donna.meadows3689@dreamhomes.com,Viewing,Completed,Discussed pricing expectations and market conditions,2020-08-07 12:36:21
Dream Homes North Star Greenwich,"806 Jennifer Mews, Bridgeport, CT",jeffery.smith7042@example.com,joshua.best1119@dreamhomes.com,Viewing,Completed,Reviewed rental screening requirements,2020-08-18 22:39:57
Dream Homes Metro Queens,"294 Vanessa Divide, Long Island City, NY",jesse.kane9072@example.com; mark.snow7495@example.com,jill.carrillo7109@dreamhomes.com,Follow-up,Scheduled,Walk-through focused on layout and neighborhood fit,2020-08-20 00:47:45
Dream Homes Harbor Newark,"446 Tammie Path, Hoboken, NJ",mark.snow7495@example.com,janet.kim9646@dreamhomes.com,Viewing,Completed,Reviewed rental screening requirements,2020-08-31 08:12:46
Dream Homes North Star Greenwich,"806 Jennifer Mews, Bridgeport, CT",blake.miller5098@example.com,tina.ramirez1373@dreamhomes.com,Consultation,Scheduled,General consultation for prospective clients,2020-09-16 10:48:14
Dream Homes Metro Queens,"129 Stephanie Union, New York, NY",kristen.cox5628@example.com,crystal.powell2551@dreamhomes.com; stanley.mooney4062@dreamhomes.com,Follow-up,Completed,Covered financing readiness and next steps,2020-09-17 06:24:56
Dream Homes Metro Queens,"251 Jackson Key, Bronx, NY",melissa.ross1428@example.com,jill.carrillo7109@dreamhomes.com,Consultation,Completed,Walk-through focused on layout and neighborhood fit,2020-09-23 14:42:00
Dream Homes North Star Greenwich,"806 Jennifer Mews, Bridgeport, CT",roberto.yates4694@example.com,joshua.best1119@dreamhomes.com,Follow-up,Cancelled,Discussed pricing expectations and market conditions,2020-10-16 12:22:40
Dream Homes North Star Greenwich,"786 Lauren Junctions, Greenwich, CT",david.rodriguez7820@example.com,katherine.miller6806@dreamhomes.com; vanessa.gomez6042@dreamhomes.com,Viewing,Scheduled,Walk-through focused on layout and neighborhood fit,2020-10-25 03:33:16
Dream Homes Harbor Newark,"446 Tammie Path, Hoboken, NJ",blake.miller5098@example.com,damon.gonzalez618@dreamhomes.com,Follow-up,Scheduled,Reviewed rental screening requirements,2020-10-31 08:51:50
Dream Homes Metro Queens,"222 Kim Union, Queens, NY",ivan.fernandez1109@example.com,stanley.mooney4062@dreamhomes.com,Viewing,Completed,Walk-through focused on layout and neighborhood fit,2020-11-15 14:45:01
Dream Homes Gold Coast Stamford,"806 Jennifer Mews, Bridgeport, CT",roberto.yates4694@example.com,joshua.best1119@dreamhomes.com; sheila.byrd4387@dreamhomes.com,Follow-up,Completed,Reviewed rental screening requirements,2020-11-19 10:01:04
Dream Homes Metro Queens,"294 Vanessa Divide, Long Island City, NY",david.rodriguez7820@example.com,stanley.mooney4062@dreamhomes.com,Consultation,Cancelled,Reviewed rental screening requirements,2020-11-22 02:20:14
Dream Homes Garden Jersey City,"428 Contreras Roads, Hoboken, NJ",sarah.armstrong4883@example.com; valerie.peterson3420@example.com,julia.roberson8712@dreamhomes.com; thomas.leach9910@dreamhomes.com,Follow-up,Completed,General consultation for prospective clients,2020-11-26 01:03:24
Dream Homes North Star Greenwich,"749 David Mill, Greenwich, CT",melissa.ross1428@example.com,joshua.best1119@dreamhomes.com; sheila.byrd4387@dreamhomes.com,Follow-up,Completed,General consultation for prospective clients,2020-12-04 10:22:00
Dream Homes Garden Jersey City,"428 Contreras Roads, Hoboken, NJ",david.rodriguez7820@example.com; erica.lynch3304@example.com,bryan.riddle4780@dreamhomes.com; julia.roberson8712@dreamhomes.com,Consultation,Completed,Walk-through focused on layout and neighborhood fit,2020-12-13 06:26:49
Dream Homes Metro Queens,"251 Jackson Key, Bronx, NY",jesse.kane9072@example.com,crystal.powell2551@dreamhomes.com,Viewing,Completed,Walk-through focused on layout and neighborhood fit,2020-12-16 18:53:00
Dream Homes North Star Greenwich,"772 Morales Inlet, Norwalk, CT",david.rodriguez7820@example.com; roberto.yates4694@example.com,joshua.best1119@dreamhomes.com; vanessa.gomez6042@dreamhomes.com,Consultation,Scheduled,Covered financing readiness and next steps,2020-12-22 06:37:23
Dream Homes North Star Greenwich,"786 Lauren Junctions, Greenwich, CT",eric.silva9746@example.com,donna.meadows3689@dreamhomes.com; jennifer.tran397@dreamhomes.com,Follow-up,Completed,Covered financing readiness and next steps,2020-12-22 10:39:00
Dream Homes Metro Brooklyn,"129 Stephanie Union, New York, NY",mark.snow7495@example.com,angela.woods7376@dreamhomes.com,Viewing,Cancelled,Covered financing readiness and next steps,2021-01-03 02:01:22
Dream Homes Metro Brooklyn,"144 Bell Avenue, Brooklyn, NY",ivan.fernandez1109@example.com; melissa.ross1428@example.com,stanley.mooney4062@dreamhomes.com,Viewing,Completed,Reviewed rental screening requirements,2021-01-08 13:05:32
Dream Homes Gold Coast Stamford,"810 Johns Ports, Greenwich, CT",blake.miller5098@example.com,katherine.miller6806@dreamhomes.com,Viewing,Completed,Discussed pricing expectations and market conditions,2021-01-12 16:19:37
Dream Homes Metro Brooklyn,"212 Jenny Brooks, Long Island City, NY",mark.snow7495@example.com,angela.woods7376@dreamhomes.com; erica.rogers3495@dreamhomes.com,Viewing,Scheduled,General consultation for prospective clients,2021-01-13 15:45:07
Dream Homes Garden Jersey City,"510 Jackson Orchard, Jersey City, NJ",cassandra.collins9638@example.com; jesse.kane9072@example.com,kristen.woods6052@dreamhomes.com,Viewing,Completed,Walk-through focused on layout and neighborhood fit,2021-01-14 22:29:20
Dream Homes Harbor Newark,"528 Jose Radial, Hoboken, NJ",sarah.armstrong4883@example.com,julia.roberson8712@dreamhomes.com,Consultation,Completed,Discussed pricing expectations and market conditions,2021-01-16 00:50:19
Dream Homes Gold Coast Stamford,"640 Brian Avenue, Greenwich, CT",travis.robinson7859@example.com,katherine.miller6806@dreamhomes.com,Follow-up,Scheduled,Covered financing readiness and next steps,2021-02-02 12:59:05
Dream Homes Gold Coast Stamford,"810 Johns Ports, Greenwich, CT",ivan.fernandez1109@example.com,tina.ramirez1373@dreamhomes.com,Consultation,Completed,Walk-through focused on layout and neighborhood fit,2021-02-05 18:11:43
Dream Homes Harbor Newark,"354 Pamela Heights, Hoboken, NJ",sarah.armstrong4883@example.com; travis.robinson7859@example.com,julia.roberson8712@dreamhomes.com; karen.clark2103@dreamhomes.com,Viewing,Completed,Discussed pricing expectations and market conditions,2021-02-07 20:11:59
Dream Homes North Star Greenwich,"713 Tran Course, Greenwich, CT",sarah.armstrong4883@example.com,katherine.miller6806@dreamhomes.com,Viewing,Completed,General consultation for prospective clients,2021-02-13 08:35:30
Dream Homes North Star Greenwich,"749 David Mill, Greenwich, CT",jesse.kane9072@example.com,joshua.best1119@dreamhomes.com; tina.ramirez1373@dreamhomes.com,Follow-up,Completed,Covered financing readiness and next steps,2021-02-18 03:33:02
Dream Homes Metro Brooklyn,"212 Jenny Brooks, Long Island City, NY",jesse.kane9072@example.com,erica.rogers3495@dreamhomes.com; jill.carrillo7109@dreamhomes.com,Follow-up,Completed,General consultation for prospective clients,2021-02-19 21:01:10
Dream Homes Garden Jersey City,"485 Schroeder Ramp, Newark, NJ",jesse.kane9072@example.com,thomas.leach9910@dreamhomes.com,Viewing,Completed,Discussed pricing expectations and market conditions,2021-02-21 10:31:36
Dream Homes Gold Coast Stamford,"640 Brian Avenue, Greenwich, CT",frank.tyler5524@example.com; roberto.yates4694@example.com,vanessa.gomez6042@dreamhomes.com,Viewing,Scheduled,Walk-through focused on layout and neighborhood fit,2021-02-23 11:57:45
Dream Homes Metro Queens,"158 Julia Street, Queens, NY",frank.tyler5524@example.com,angela.woods7376@dreamhomes.com,Viewing,Completed,Reviewed rental screening requirements,2021-02-25 09:16:32
Dream Homes Harbor Newark,"550 Mccarthy Place, Jersey City, NJ",mark.snow7495@example.com,janet.kim9646@dreamhomes.com; thomas.leach9910@dreamhomes.com,Follow-up,Completed,Reviewed rental screening requirements,2021-02-25 18:23:54
Dream Homes Metro Brooklyn,"144 Bell Avenue, Brooklyn, NY",blake.miller5098@example.com,erica.rogers3495@dreamhomes.com,Consultation,Completed,Reviewed rental screening requirements,2021-02-26 22:42:41
Dream Homes Metro Queens,"338 Clark Mountains, Brooklyn, NY",cassandra.collins9638@example.com,angela.woods7376@dreamhomes.com,Consultation,Completed,Covered financing readiness and next steps,2021-03-04 08:44:30
Dream Homes Metro Brooklyn,"129 Stephanie Union, New York, NY",roberto.yates4694@example.com,crystal.powell2551@dreamhomes.com; erica.rogers3495@dreamhomes.com,Viewing,Completed,Walk-through focused on layout and neighborhood fit,2021-03-17 10:21:13
Dream Homes Harbor Newark,"528 Jose Radial, Hoboken, NJ",mark.snow7495@example.com; travis.robinson7859@example.com,karen.clark2103@dreamhomes.com,Follow-up,Scheduled,Covered financing readiness and next steps,2021-04-01 22:35:55
Dream Homes Gold Coast Stamford,"617 Allen Mills, Greenwich, CT",cassandra.collins9638@example.com,vanessa.gomez6042@dreamhomes.com,Follow-up,Completed,Reviewed rental screening requirements,2021-04-13 06:49:42
Dream Homes Garden Jersey City,"433 Hannah Circles, Newark, NJ",jesse.kane9072@example.com,julia.roberson8712@dreamhomes.com; thomas.leach9910@dreamhomes.com,Consultation,Completed,Discussed pricing expectations and market conditions,2021-04-21 03:42:36
Dream Homes Gold Coast Stamford,"602 Adriana Cape, Greenwich, CT",david.rodriguez7820@example.com; travis.robinson7859@example.com,katherine.miller6806@dreamhomes.com; vanessa.gomez6042@dreamhomes.com,Follow-up,Scheduled,Discussed pricing expectations and market conditions,2021-04-29 21:48:28
Dream Homes Harbor Newark,"528 Jose Radial, Hoboken, NJ",blake.miller5098@example.com,julia.roberson8712@dreamhomes.com; thomas.leach9910@dreamhomes.com,Follow-up,Completed,General consultation for prospective clients,2021-05-13 17:53:23
Dream Homes Metro Brooklyn,"129 Stephanie Union, New York, NY",blake.miller5098@example.com; kyle.hall3355@example.com,frank.preston2605@dreamhomes.com,Consultation,Completed,Reviewed rental screening requirements,2021-05-19 05:37:09
Dream Homes Gold Coast Stamford,"602 Adriana Cape, Greenwich, CT",kristen.cox5628@example.com,donna.meadows3689@dreamhomes.com,Consultation,Completed,Walk-through focused on layout and neighborhood fit,2021-05-24 15:12:57
Dream Homes Garden Jersey City,"351 Moreno Terrace, Hoboken, NJ",jesse.kane9072@example.com; roberto.yates4694@example.com,bryan.riddle4780@dreamhomes.com,Consultation,Completed,Covered financing readiness and next steps,2021-06-01 03:32:07
Dream Homes Harbor Newark,"446 Tammie Path, Hoboken, NJ",sarah.armstrong4883@example.com,bryan.riddle4780@dreamhomes.com; janet.kim9646@dreamhomes.com,Viewing,Completed,Covered financing readiness and next steps,2021-06-06 19:00:15
Dream Homes Gold Coast Stamford,"760 Chang Lodge, Bridgeport, CT",blake.miller5098@example.com; roberto.yates4694@example.com,joshua.best1119@dreamhomes.com; vanessa.gomez6042@dreamhomes.com,Follow-up,Scheduled,General consultation for prospective clients,2021-06-11 22:16:01
Dream Homes North Star Greenwich,"713 Tran Course, Greenwich, CT",kristen.cox5628@example.com,donna.meadows3689@dreamhomes.com,Viewing,Completed,Discussed pricing expectations and market conditions,2021-06-23 15:55:02
Dream Homes Harbor Newark,"528 Jose Radial, Hoboken, NJ",ivan.fernandez1109@example.com; jesse.kane9072@example.com,janet.kim9646@dreamhomes.com,Viewing,Scheduled,Discussed pricing expectations and market conditions,2021-06-25 12:37:40
Dream Homes Garden Jersey City,"418 Brown Pike, Edgewater, NJ",travis.robinson7859@example.com,bryan.riddle4780@dreamhomes.com,Follow-up,Completed,General consultation for prospective clients,2021-07-07 20:40:32
Dream Homes Garden Jersey City,"351 Moreno Terrace, Hoboken, NJ",david.rodriguez7820@example.com,karen.clark2103@dreamhomes.com,Consultation,Cancelled,Reviewed rental screening requirements,2021-07-12 13:32:08
Dream Homes Harbor Newark,"446 Tammie Path, Hoboken, NJ",blake.miller5098@example.com; travis.robinson7859@example.com,damon.gonzalez618@dreamhomes.com; kristen.woods6052@dreamhomes.com,Viewing,Completed,Covered financing readiness and next steps,2021-07-14 23:04:20
Dream Homes Harbor Newark,"528 Jose Radial, Hoboken, NJ",michele.ramirez8429@example.com,julia.roberson8712@dreamhomes.com,Consultation,Completed,Reviewed rental screening requirements,2021-07-16 05:34:06
Dream Homes Metro Brooklyn,"144 Bell Avenue, Brooklyn, NY",travis.robinson7859@example.com,crystal.powell2551@dreamhomes.com,Viewing,Cancelled,General consultation for prospective clients,2021-07-16 10:30:02
Dream Homes Garden Jersey City,"433 Hannah Circles, Newark, NJ",jesse.kane9072@example.com,kristen.woods6052@dreamhomes.com,Viewing,Completed,Discussed pricing expectations and market conditions,2021-07-22 11:27:48
Dream Homes Harbor Newark,"499 Herrera Gateway, Edgewater, NJ",ivan.fernandez1109@example.com,julia.roberson8712@dreamhomes.com,Viewing,Cancelled,Covered financing readiness and next steps,2021-07-24 22:17:46
Dream Homes Garden Jersey City,"351 Moreno Terrace, Hoboken, NJ",melissa.ross1428@example.com; roberto.yates4694@example.com,bryan.riddle4780@dreamhomes.com,Viewing,Completed,Walk-through focused on layout and neighborhood fit,2021-07-27 03:04:21
Dream Homes Gold Coast Stamford,"617 Allen Mills, Greenwich, CT",catherine.payne4177@example.com; jeffery.smith7042@example.com,jennifer.tran397@dreamhomes.com,Consultation,Completed,Walk-through focused on layout and neighborhood fit,2021-07-28 02:29:43
Dream Homes Harbor Newark,"516 Beverly Port, Newark, NJ",jeffery.smith7042@example.com,janet.kim9646@dreamhomes.com,Follow-up,Completed,Reviewed rental screening requirements,2021-08-05 03:28:57
Dream Homes Harbor Newark,"354 Pamela Heights, Hoboken, NJ",jesse.kane9072@example.com,damon.gonzalez618@dreamhomes.com,Viewing,Completed,Reviewed rental screening requirements,2021-08-17 04:28:34
Dream Homes Gold Coast Stamford,"760 Chang Lodge, Bridgeport, CT",travis.robinson7859@example.com,jennifer.tran397@dreamhomes.com,Viewing,Completed,Walk-through focused on layout and neighborhood fit,2021-08-22 07:36:01
Dream Homes Garden Jersey City,"418 Brown Pike, Edgewater, NJ",kristen.cox5628@example.com,karen.clark2103@dreamhomes.com,Viewing,Completed,Walk-through focused on layout and neighborhood fit,2021-08-22 09:52:52
Dream Homes Metro Queens,"158 Julia Street, Queens, NY",jesse.kane9072@example.com; michele.ramirez8429@example.com,crystal.powell2551@dreamhomes.com; stanley.mooney4062@dreamhomes.com,Follow-up,Cancelled,General consultation for prospective clients,2021-08-27 15:52:43
Dream Homes North Star Greenwich,"666 Romero Wells, Greenwich, CT",blake.miller5098@example.com,tina.ramirez1373@dreamhomes.com,Follow-up,Cancelled,Walk-through focused on layout and neighborhood fit,2021-08-28 05:42:31
Dream Homes Metro Queens,"158 Julia Street, Queens, NY",blake.miller5098@example.com; catherine.payne4177@example.com,stanley.mooney4062@dreamhomes.com,Follow-up,Completed,Discussed pricing expectations and market conditions,2021-09-12 02:58:53
Dream Homes Harbor Newark,"516 Beverly Port, Newark, NJ",ivan.fernandez1109@example.com,bryan.riddle4780@dreamhomes.com,Viewing,Completed,Reviewed rental screening requirements,2021-09-18 02:45:06
Dream Homes Gold Coast Stamford,"738 Warren Terrace, New Haven, CT",erica.lynch3304@example.com,donna.meadows3689@dreamhomes.com,Consultation,Completed,Discussed pricing expectations and market conditions,2021-09-19 17:10:24
Dream Homes Harbor Newark,"550 Mccarthy Place, Jersey City, NJ",cassandra.collins9638@example.com,bryan.riddle4780@dreamhomes.com; janet.kim9646@dreamhomes.com,Follow-up,Completed,General consultation for prospective clients,2021-09-29 13:22:56
Dream Homes Garden Jersey City,"418 Brown Pike, Edgewater, NJ",michele.ramirez8429@example.com,karen.clark2103@dreamhomes.com,Consultation,Completed,Reviewed rental screening requirements,2021-10-05 22:08:30
Dream Homes Harbor Newark,"499 Herrera Gateway, Edgewater, NJ",cassandra.collins9638@example.com,bryan.riddle4780@dreamhomes.com; thomas.leach9910@dreamhomes.com,Consultation,Completed,General consultation for prospective clients,2021-10-06 15:39:00
Dream Homes Garden Jersey City,"397 Yolanda Branch, Edgewater, NJ",david.rodriguez7820@example.com,julia.roberson8712@dreamhomes.com,Consultation,Completed,Walk-through focused on layout and neighborhood fit,2021-10-13 12:02:11
Dream Homes Harbor Newark,"516 Beverly Port, Newark, NJ",michele.ramirez8429@example.com,bryan.riddle4780@dreamhomes.com,Follow-up,Scheduled,Walk-through focused on layout and neighborhood fit,2021-10-14 05:22:55
Dream Homes Harbor Newark,"516 Beverly Port, Newark, NJ",cassandra.collins9638@example.com,thomas.leach9910@dreamhomes.com,Consultation,Cancelled,Covered financing readiness and next steps,2021-10-17 07:15:51
Dream Homes North Star Greenwich,"786 Lauren Junctions, Greenwich, CT",blake.miller5098@example.com,vanessa.gomez6042@dreamhomes.com,Follow-up,Scheduled,Discussed pricing expectations and market conditions,2021-10-27 22:58:51
Dream Homes Metro Brooklyn,"307 Candice Center, New York, NY",kyle.hall3355@example.com; valerie.peterson3420@example.com,crystal.powell2551@dreamhomes.com; frank.preston2605@dreamhomes.com,Follow-up,Scheduled,Reviewed rental screening requirements,2021-10-29 02:11:34
Dream Homes North Star Greenwich,"713 Tran Course, Greenwich, CT",kristen.cox5628@example.com,katherine.miller6806@dreamhomes.com; vanessa.gomez6042@dreamhomes.com,Follow-up,Completed,Walk-through focused on layout and neighborhood fit,2021-11-13 04:08:14
Dream Homes Harbor Newark,"528 Jose Radial, Hoboken, NJ",eric.silva9746@example.com,damon.gonzalez618@dreamhomes.com; thomas.leach9910@dreamhomes.com,Viewing,Scheduled,General consultation for prospective clients,2021-11-16 14:42:58
Dream Homes Gold Coast Stamford,"738 Warren Terrace, New Haven, CT",frank.tyler5524@example.com,joshua.best1119@dreamhomes.com,Consultation,Cancelled,Covered financing readiness and next steps,2021-11-18 09:45:54
Dream Homes Harbor Newark,"499 Herrera Gateway, Edgewater, NJ",sarah.armstrong4883@example.com,damon.gonzalez618@dreamhomes.com,Follow-up,Completed,Covered financing readiness and next steps,2021-11-19 05:50:03
Dream Homes Gold Coast Stamford,"810 Johns Ports, Greenwich, CT",ivan.fernandez1109@example.com,donna.meadows3689@dreamhomes.com,Follow-up,Scheduled,Covered financing readiness and next steps,2021-11-20 02:35:38
Dream Homes Garden Jersey City,"397 Yolanda Branch, Edgewater, NJ",kyle.hall3355@example.com; roberto.yates4694@example.com,julia.roberson8712@dreamhomes.com,Consultation,Completed,Covered financing readiness and next steps,2021-11-24 19:39:42
Dream Homes Gold Coast Stamford,"738 Warren Terrace, New Haven, CT",jeffery.smith7042@example.com,katherine.miller6806@dreamhomes.com,Consultation,Completed,Covered financing readiness and next steps,2021-12-01 03:30:25
Dream Homes Harbor Newark,"354 Pamela Heights, Hoboken, NJ",kristen.cox5628@example.com,damon.gonzalez618@dreamhomes.com; karen.clark2103@dreamhomes.com,Follow-up,Cancelled,Reviewed rental screening requirements,2021-12-04 05:36:48
Dream Homes Garden Jersey City,"510 Jackson Orchard, Jersey City, NJ",chris.brewer3109@example.com,damon.gonzalez618@dreamhomes.com; kristen.woods6052@dreamhomes.com,Follow-up,Completed,Covered financing readiness and next steps,2021-12-07 18:57:33
Dream Homes North Star Greenwich,"666 Romero Wells, Greenwich, CT",kristen.cox5628@example.com,donna.meadows3689@dreamhomes.com; vanessa.gomez6042@dreamhomes.com,Consultation,Completed,Discussed pricing expectations and market conditions,2021-12-19 14:12:19
Dream Homes Metro Brooklyn,"307 Candice Center, New York, NY",mark.snow7495@example.com,crystal.powell2551@dreamhomes.com; erica.rogers3495@dreamhomes.com,Follow-up,Scheduled,General consultation for prospective clients,2021-12-26 10:38:07
Dream Homes Metro Brooklyn,"158 Julia Street, Queens, NY",michele.ramirez8429@example.com,jill.carrillo7109@dreamhomes.com,Consultation,Completed,General consultation for prospective clients,2022-01-01 01:40:09
Dream Homes Gold Coast Stamford,"663 Angela Landing, New Haven, CT",kyle.hall3355@example.com,donna.meadows3689@dreamhomes.com; tina.ramirez1373@dreamhomes.com,Consultation,Completed,Covered financing readiness and next steps,2022-01-12 09:46:17
Dream Homes Garden Jersey City,"485 Schroeder Ramp, Newark, NJ",valerie.peterson3420@example.com,bryan.riddle4780@dreamhomes.com,Follow-up,Completed,General consultation for prospective clients,2022-01-14 20:47:06
Dream Homes Garden Jersey City,"485 Schroeder Ramp, Newark, NJ",travis.robinson7859@example.com,kristen.woods6052@dreamhomes.com,Follow-up,Scheduled,General consultation for prospective clients,2022-01-15 17:10:46
Dream Homes Harbor Newark,"499 Herrera Gateway, Edgewater, NJ",frank.tyler5524@example.com; sarah.armstrong4883@example.com,julia.roberson8712@dreamhomes.com,Follow-up,Completed,General consultation for prospective clients,2022-01-30 13:38:35
Dream Homes Gold Coast Stamford,"749 David Mill, Greenwich, CT",eric.silva9746@example.com; kyle.hall3355@example.com,joshua.best1119@dreamhomes.com,Consultation,Completed,Covered financing readiness and next steps,2022-02-05 18:26:42
Dream Homes Metro Queens,"326 Amy Greens, Brooklyn, NY",travis.robinson7859@example.com,angela.woods7376@dreamhomes.com,Consultation,Completed,Reviewed rental screening requirements,2022-02-06 15:56:02
Dream Homes Harbor Newark,"444 Ryan Dale, Hoboken, NJ",jeffery.smith7042@example.com; mark.snow7495@example.com,bryan.riddle4780@dreamhomes.com,Viewing,Completed,Walk-through focused on layout and neighborhood fit,2022-02-10 17:43:21
Dream Homes Harbor Newark,"444 Ryan Dale, Hoboken, NJ",kyle.hall3355@example.com,thomas.leach9910@dreamhomes.com,Follow-up,Scheduled,Reviewed rental screening requirements,2022-02-12 21:23:17
Dream Homes Metro Queens,"294 Vanessa Divide, Long Island City, NY",cassandra.collins9638@example.com; travis.robinson7859@example.com,angela.woods7376@dreamhomes.com,Follow-up,Completed,Reviewed rental screening requirements,2022-02-20 21:37:11
Dream Homes Garden Jersey City,"385 Loretta Flats, Newark, NJ",roberto.yates4694@example.com,julia.roberson8712@dreamhomes.com; thomas.leach9910@dreamhomes.com,Viewing,Completed,Walk-through focused on layout and neighborhood fit,2022-02-23 22:20:35
Dream Homes Gold Coast Stamford,"652 Holder Mews, Norwalk, CT",chris.brewer3109@example.com; melissa.ross1428@example.com,vanessa.gomez6042@dreamhomes.com,Consultation,Scheduled,General consultation for prospective clients,2022-03-01 16:11:52
Dream Homes North Star Greenwich,"678 Aaron Lakes, Stamford, CT",eric.silva9746@example.com; travis.robinson7859@example.com,joshua.best1119@dreamhomes.com,Viewing,Completed,Covered financing readiness and next steps,2022-03-03 13:01:05
Dream Homes Gold Coast Stamford,"794 Whitney Village, Bridgeport, CT",jeffery.smith7042@example.com,joshua.best1119@dreamhomes.com; katherine.miller6806@dreamhomes.com,Consultation,Completed,Walk-through focused on layout and neighborhood fit,2022-03-03 15:09:35
Dream Homes Harbor Newark,"433 Hannah Circles, Newark, NJ",david.rodriguez7820@example.com; melissa.ross1428@example.com,kristen.woods6052@dreamhomes.com,Viewing,Completed,Walk-through focused on layout and neighborhood fit,2022-03-06 19:41:54
Dream Homes North Star Greenwich,"632 Gibbs Court, Norwalk, CT",eric.silva9746@example.com; valerie.peterson3420@example.com,jennifer.tran397@dreamhomes.com,Viewing,Scheduled,Walk-through focused on layout and neighborhood fit,2022-03-10 20:19:23
Dream Homes Gold Coast Stamford,"568 Davis Fort, Norwalk, CT",chris.brewer3109@example.com,vanessa.gomez6042@dreamhomes.com,Viewing,Scheduled,General consultation for prospective clients,2022-03-14 02:45:11
Dream Homes Garden Jersey City,"431 William Plaza, Fort Lee, NJ",jesse.kane9072@example.com; valerie.peterson3420@example.com,karen.clark2103@dreamhomes.com; thomas.leach9910@dreamhomes.com,Viewing,Completed,Reviewed rental screening requirements,2022-03-20 18:49:48
Dream Homes Harbor Newark,"448 Palmer Shores, Hoboken, NJ",melissa.ross1428@example.com,julia.roberson8712@dreamhomes.com; kristen.woods6052@dreamhomes.com,Follow-up,Scheduled,Covered financing readiness and next steps,2022-04-16 16:13:32
Dream Homes Harbor Newark,"448 Palmer Shores, Hoboken, NJ",david.rodriguez7820@example.com; ivan.fernandez1109@example.com,karen.clark2103@dreamhomes.com,Viewing,Scheduled,Covered financing readiness and next steps,2022-04-16 21:53:02
Dream Homes North Star Greenwich,"632 Gibbs Court, Norwalk, CT",kyle.hall3355@example.com,sheila.byrd4387@dreamhomes.com,Viewing,Scheduled,General consultation for prospective clients,2022-04-17 13:01:35
Dream Homes Harbor Newark,"380 Lauren Turnpike, Edgewater, NJ",kyle.hall3355@example.com,thomas.leach9910@dreamhomes.com,Follow-up,Scheduled,Discussed pricing expectations and market conditions,2022-04-18 07:03:24
Dream Homes Metro Brooklyn,"307 Candice Center, New York, NY",david.rodriguez7820@example.com; travis.robinson7859@example.com,crystal.powell2551@dreamhomes.com,Viewing,Scheduled,General consultation for prospective clients,2022-04-21 21:26:49
Dream Homes Metro Brooklyn,"314 Sawyer Common, Brooklyn, NY",eric.silva9746@example.com; ivan.fernandez1109@example.com,angela.woods7376@dreamhomes.com,Follow-up,Cancelled,Walk-through focused on layout and neighborhood fit,2022-04-30 21:50:56
Dream Homes Garden Jersey City,"448 Palmer Shores, Hoboken, NJ",jeffery.smith7042@example.com,kristen.woods6052@dreamhomes.com; thomas.leach9910@dreamhomes.com,Consultation,Completed,General consultation for prospective clients,2022-05-02 02:26:33
Dream Homes Harbor Newark,"510 Jackson Orchard, Jersey City, NJ",jesse.kane9072@example.com,julia.roberson8712@dreamhomes.com; karen.clark2103@dreamhomes.com,Follow-up,Scheduled,Discussed pricing expectations and market conditions,2022-05-03 22:34:48
Dream Homes Gold Coast Stamford,"568 Davis Fort, Norwalk, CT",frank.tyler5524@example.com,sheila.byrd4387@dreamhomes.com; vanessa.gomez6042@dreamhomes.com,Consultation,Completed,General consultation for prospective clients,2022-05-08 13:36:39
Dream Homes North Star Greenwich,"772 Morales Inlet, Norwalk, CT",jeffery.smith7042@example.com; mark.snow7495@example.com,katherine.miller6806@dreamhomes.com; sheila.byrd4387@dreamhomes.com,Follow-up,Cancelled,Walk-through focused on layout and neighborhood fit,2022-05-08 14:35:39
Dream Homes Metro Brooklyn,"158 Julia Street, Queens, NY",chris.brewer3109@example.com,crystal.powell2551@dreamhomes.com; stanley.mooney4062@dreamhomes.com,Follow-up,Cancelled,General consultation for prospective clients,2022-05-16 09:05:12
Dream Homes Garden Jersey City,"385 Loretta Flats, Newark, NJ",blake.miller5098@example.com; chris.brewer3109@example.com,janet.kim9646@dreamhomes.com,Follow-up,Scheduled,Discussed pricing expectations and market conditions,2022-05-24 04:11:25
Dream Homes Garden Jersey City,"448 Palmer Shores, Hoboken, NJ",sarah.armstrong4883@example.com,thomas.leach9910@dreamhomes.com,Viewing,Completed,Covered financing readiness and next steps,2022-05-25 00:36:13
Dream Homes Harbor Newark,"510 Jackson Orchard, Jersey City, NJ",blake.miller5098@example.com; catherine.payne4177@example.com,thomas.leach9910@dreamhomes.com,Follow-up,Completed,Covered financing readiness and next steps,2022-06-12 03:34:50
Dream Homes North Star Greenwich,"678 Aaron Lakes, Stamford, CT",ivan.fernandez1109@example.com,sheila.byrd4387@dreamhomes.com,Follow-up,Completed,Discussed pricing expectations and market conditions,2022-06-19 13:17:59
Dream Homes Metro Brooklyn,"158 Julia Street, Queens, NY",erica.lynch3304@example.com,stanley.mooney4062@dreamhomes.com,Consultation,Scheduled,General consultation for prospective clients,2022-06-22 01:30:42
Dream Homes Metro Queens,"251 Jackson Key, Bronx, NY",jeffery.smith7042@example.com; jesse.kane9072@example.com,crystal.powell2551@dreamhomes.com,Follow-up,Cancelled,Covered financing readiness and next steps,2022-07-02 19:26:08
Dream Homes North Star Greenwich,"602 Adriana Cape, Greenwich, CT",cassandra.collins9638@example.com,joshua.best1119@dreamhomes.com; katherine.miller6806@dreamhomes.com,Viewing,Completed,Discussed pricing expectations and market conditions,2022-07-11 10:23:09
Dream Homes Metro Queens,"294 Vanessa Divide, Long Island City, NY",michele.ramirez8429@example.com,jill.carrillo7109@dreamhomes.com,Follow-up,Completed,Reviewed rental screening requirements,2022-07-24 01:53:24
Dream Homes Metro Brooklyn,"314 Sawyer Common, Brooklyn, NY",catherine.payne4177@example.com,jill.carrillo7109@dreamhomes.com,Viewing,Scheduled,General consultation for prospective clients,2022-07-26 12:33:40
Dream Homes Gold Coast Stamford,"749 David Mill, Greenwich, CT",jesse.kane9072@example.com,katherine.miller6806@dreamhomes.com; tina.ramirez1373@dreamhomes.com,Consultation,Completed,Walk-through focused on layout and neighborhood fit,2022-07-27 04:26:56
Dream Homes Metro Brooklyn,"307 Candice Center, New York, NY",ivan.fernandez1109@example.com; valerie.peterson3420@example.com,jill.carrillo7109@dreamhomes.com,Follow-up,Scheduled,General consultation for prospective clients,2022-08-05 03:39:41
Dream Homes North Star Greenwich,"602 Adriana Cape, Greenwich, CT",blake.miller5098@example.com; valerie.peterson3420@example.com,donna.meadows3689@dreamhomes.com,Follow-up,Completed,Covered financing readiness and next steps,2022-08-24 01:20:58
Dream Homes Metro Brooklyn,"129 Stephanie Union, New York, NY",melissa.ross1428@example.com,crystal.powell2551@dreamhomes.com; stanley.mooney4062@dreamhomes.com,Consultation,Completed,General consultation for prospective clients,2022-08-26 19:01:32
Dream Homes North Star Greenwich,"632 Gibbs Court, Norwalk, CT",erica.lynch3304@example.com; frank.tyler5524@example.com,joshua.best1119@dreamhomes.com,Consultation,Completed,Covered financing readiness and next steps,2022-09-01 21:52:56
Dream Homes Garden Jersey City,"431 William Plaza, Fort Lee, NJ",ivan.fernandez1109@example.com,damon.gonzalez618@dreamhomes.com; julia.roberson8712@dreamhomes.com,Viewing,Scheduled,General consultation for prospective clients,2022-09-03 12:55:47
Dream Homes Harbor Newark,"499 Herrera Gateway, Edgewater, NJ",catherine.payne4177@example.com; eric.silva9746@example.com,damon.gonzalez618@dreamhomes.com,Viewing,Cancelled,Discussed pricing expectations and market conditions,2022-09-08 18:46:53
Dream Homes Harbor Newark,"380 Lauren Turnpike, Edgewater, NJ",sarah.armstrong4883@example.com,thomas.leach9910@dreamhomes.com,Viewing,Completed,Discussed pricing expectations and market conditions,2022-09-20 16:09:55
Dream Homes Gold Coast Stamford,"652 Holder Mews, Norwalk, CT",kristen.cox5628@example.com,donna.meadows3689@dreamhomes.com,Follow-up,Scheduled,General consultation for prospective clients,2022-09-27 14:26:01
Dream Homes Garden Jersey City,"448 Palmer Shores, Hoboken, NJ",chris.brewer3109@example.com; mark.snow7495@example.com,karen.clark2103@dreamhomes.com,Viewing,Scheduled,Reviewed rental screening requirements,2022-09-29 10:16:24
Dream Homes Harbor Newark,"499 Herrera Gateway, Edgewater, NJ",kristen.cox5628@example.com,karen.clark2103@dreamhomes.com,Consultation,Completed,Covered financing readiness and next steps,2022-10-02 18:42:39
Dream Homes Harbor Newark,"448 Palmer Shores, Hoboken, NJ",eric.silva9746@example.com,bryan.riddle4780@dreamhomes.com,Follow-up,Completed,Walk-through focused on layout and neighborhood fit,2022-10-04 00:49:09
Dream Homes North Star Greenwich,"678 Aaron Lakes, Stamford, CT",ivan.fernandez1109@example.com,donna.meadows3689@dreamhomes.com,Follow-up,Completed,Discussed pricing expectations and market conditions,2022-10-06 14:02:55
Dream Homes North Star Greenwich,"810 Johns Ports, Greenwich, CT",jesse.kane9072@example.com,donna.meadows3689@dreamhomes.com,Consultation,Completed,Discussed pricing expectations and market conditions,2022-10-07 08:33:21
Dream Homes Gold Coast Stamford,"794 Whitney Village, Bridgeport, CT",catherine.payne4177@example.com,joshua.best1119@dreamhomes.com; sheila.byrd4387@dreamhomes.com,Follow-up,Completed,Walk-through focused on layout and neighborhood fit,2022-10-21 02:32:42
Dream Homes Harbor Newark,"433 Hannah Circles, Newark, NJ",michele.ramirez8429@example.com,julia.roberson8712@dreamhomes.com,Follow-up,Scheduled,Discussed pricing expectations and market conditions,2022-10-21 04:22:48
Dream Homes Gold Coast Stamford,"652 Holder Mews, Norwalk, CT",blake.miller5098@example.com,joshua.best1119@dreamhomes.com,Consultation,Completed,Walk-through focused on layout and neighborhood fit,2022-10-25 12:12:54
Dream Homes Harbor Newark,"433 Hannah Circles, Newark, NJ",david.rodriguez7820@example.com,karen.clark2103@dreamhomes.com,Viewing,Completed,Covered financing readiness and next steps,2022-11-04 05:13:45
Dream Homes Garden Jersey City,"431 William Plaza, Fort Lee, NJ",erica.lynch3304@example.com,thomas.leach9910@dreamhomes.com,Follow-up,Completed,General consultation for prospective clients,2022-11-05 00:34:15
Dream Homes Gold Coast Stamford,"663 Angela Landing, New Haven, CT",travis.robinson7859@example.com,sheila.byrd4387@dreamhomes.com,Viewing,Cancelled,Reviewed rental screening requirements,2022-11-05 00:34:54
Dream Homes Garden Jersey City,"533 Harding Estates, Hoboken, NJ",michele.ramirez8429@example.com,thomas.leach9910@dreamhomes.com,Consultation,Scheduled,Discussed pricing expectations and market conditions,2022-11-08 04:47:15
Dream Homes Metro Brooklyn,"307 Candice Center, New York, NY",cassandra.collins9638@example.com; frank.tyler5524@example.com,crystal.powell2551@dreamhomes.com,Follow-up,Completed,Reviewed rental screening requirements,2022-11-10 12:56:17
Dream Homes Garden Jersey City,"385 Loretta Flats, Newark, NJ",catherine.payne4177@example.com,damon.gonzalez618@dreamhomes.com; thomas.leach9910@dreamhomes.com,Follow-up,Cancelled,Covered financing readiness and next steps,2022-11-10 21:39:08
Dream Homes North Star Greenwich,"772 Morales Inlet, Norwalk, CT",blake.miller5098@example.com; jeffery.smith7042@example.com,donna.meadows3689@dreamhomes.com; joshua.best1119@dreamhomes.com,Viewing,Completed,Walk-through focused on layout and neighborhood fit,2022-11-17 09:27:49
Dream Homes Garden Jersey City,"448 Palmer Shores, Hoboken, NJ",michele.ramirez8429@example.com,damon.gonzalez618@dreamhomes.com,Consultation,Completed,Reviewed rental screening requirements,2022-12-06 05:43:19
Dream Homes Metro Brooklyn,"307 Candice Center, New York, NY",chris.brewer3109@example.com; eric.silva9746@example.com,frank.preston2605@dreamhomes.com,Consultation,Completed,Walk-through focused on layout and neighborhood fit,2022-12-10 16:07:36
Dream Homes Gold Coast Stamford,"749 David Mill, Greenwich, CT",mark.snow7495@example.com; melissa.ross1428@example.com,jennifer.tran397@dreamhomes.com; vanessa.gomez6042@dreamhomes.com,Viewing,Completed,Covered financing readiness and next steps,2022-12-19 06:44:21
Dream Homes Gold Coast Stamford,"568 Davis Fort, Norwalk, CT",cassandra.collins9638@example.com; david.rodriguez7820@example.com,donna.meadows3689@dreamhomes.com,Consultation,Cancelled,Walk-through focused on layout and neighborhood fit,2022-12-25 00:47:37
Dream Homes Harbor Newark,"446 Tammie Path, Hoboken, NJ",ivan.fernandez1109@example.com,bryan.riddle4780@dreamhomes.com; kristen.woods6052@dreamhomes.com,Consultation,Completed,General consultation for prospective clients,2023-01-11 22:30:32
Dream Homes Metro Queens,"222 Kim Union, Queens, NY",david.rodriguez7820@example.com,crystal.powell2551@dreamhomes.com,Follow-up,Completed,Covered financing readiness and next steps,2023-01-12 15:40:20
Dream Homes Metro Queens,"338 Clark Mountains, Brooklyn, NY",ivan.fernandez1109@example.com,angela.woods7376@dreamhomes.com; erica.rogers3495@dreamhomes.com,Viewing,Completed,Covered financing readiness and next steps,2023-01-14 13:44:14
Dream Homes Garden Jersey City,"431 William Plaza, Fort Lee, NJ",valerie.peterson3420@example.com,janet.kim9646@dreamhomes.com; thomas.leach9910@dreamhomes.com,Consultation,Scheduled,Covered financing readiness and next steps,2023-01-20 02:33:29
Dream Homes Harbor Newark,"380 Lauren Turnpike, Edgewater, NJ",chris.brewer3109@example.com,janet.kim9646@dreamhomes.com; karen.clark2103@dreamhomes.com,Follow-up,Completed,Covered financing readiness and next steps,2023-01-21 03:58:11
Dream Homes Metro Brooklyn,"314 Sawyer Common, Brooklyn, NY",cassandra.collins9638@example.com,stanley.mooney4062@dreamhomes.com,Consultation,Completed,Walk-through focused on layout and neighborhood fit,2023-01-23 00:19:30
Dream Homes Garden Jersey City,"354 Pamela Heights, Hoboken, NJ",mark.snow7495@example.com,damon.gonzalez618@dreamhomes.com; julia.roberson8712@dreamhomes.com,Follow-up,Completed,Walk-through focused on layout and neighborhood fit,2023-01-23 02:47:32
Dream Homes Metro Brooklyn,"187 Herbert Ridges, Long Island City, NY",catherine.payne4177@example.com,angela.woods7376@dreamhomes.com,Follow-up,Cancelled,Covered financing readiness and next steps,2023-01-27 09:03:29
Dream Homes Metro Queens,"100 Anthony Field, Queens, NY",jeffery.smith7042@example.com,frank.preston2605@dreamhomes.com,Viewing,Completed,Covered financing readiness and next steps,2023-01-28 17:28:44
Dream Homes North Star Greenwich,"810 Johns Ports, Greenwich, CT",blake.miller5098@example.com; ivan.fernandez1109@example.com,vanessa.gomez6042@dreamhomes.com,Consultation,Cancelled,Walk-through focused on layout and neighborhood fit,2023-02-10 18:08:33
Dream Homes Metro Queens,"129 Stephanie Union, New York, NY",ivan.fernandez1109@example.com; michele.ramirez8429@example.com,crystal.powell2551@dreamhomes.com; jill.carrillo7109@dreamhomes.com,Follow-up,Completed,Walk-through focused on layout and neighborhood fit,2023-02-26 12:40:25
Dream Homes Metro Brooklyn,"144 Bell Avenue, Brooklyn, NY",kristen.cox5628@example.com,stanley.mooney4062@dreamhomes.com,Viewing,Completed,Reviewed rental screening requirements,2023-02-28 18:47:06
Dream Homes Metro Brooklyn,"278 Troy Village, Long Island City, NY",erica.lynch3304@example.com,erica.rogers3495@dreamhomes.com; stanley.mooney4062@dreamhomes.com,Consultation,Scheduled,Covered financing readiness and next steps,2023-03-28 16:21:09
Dream Homes Metro Queens,"100 Anthony Field, Queens, NY",chris.brewer3109@example.com,jill.carrillo7109@dreamhomes.com,Follow-up,Completed,Covered financing readiness and next steps,2023-03-28 19:42:10
Dream Homes Harbor Newark,"446 Tammie Path, Hoboken, NJ",kristen.cox5628@example.com,bryan.riddle4780@dreamhomes.com; janet.kim9646@dreamhomes.com,Follow-up,Scheduled,Reviewed rental screening requirements,2023-03-28 21:21:48
Dream Homes Garden Jersey City,"351 Moreno Terrace, Hoboken, NJ",michele.ramirez8429@example.com,julia.roberson8712@dreamhomes.com,Follow-up,Completed,Discussed pricing expectations and market conditions,2023-04-10 17:38:28
Dream Homes North Star Greenwich,"640 Brian Avenue, Greenwich, CT",kyle.hall3355@example.com; mark.snow7495@example.com,donna.meadows3689@dreamhomes.com,Consultation,Completed,Reviewed rental screening requirements,2023-04-15 14:29:22
Dream Homes Metro Brooklyn,"314 Sawyer Common, Brooklyn, NY",michele.ramirez8429@example.com,jill.carrillo7109@dreamhomes.com,Follow-up,Completed,Covered financing readiness and next steps,2023-04-15 15:54:57
Dream Homes Metro Queens,"290 Charles Road, Bronx, NY",frank.tyler5524@example.com; sarah.armstrong4883@example.com,erica.rogers3495@dreamhomes.com; frank.preston2605@dreamhomes.com,Consultation,Completed,Walk-through focused on layout and neighborhood fit,2023-04-23 20:49:55
Dream Homes Metro Queens,"307 Candice Center, New York, NY",michele.ramirez8429@example.com,jill.carrillo7109@dreamhomes.com; stanley.mooney4062@dreamhomes.com,Consultation,Completed,Discussed pricing expectations and market conditions,2023-04-28 03:10:22
Dream Homes North Star Greenwich,"749 David Mill, Greenwich, CT",kristen.cox5628@example.com,jennifer.tran397@dreamhomes.com,Follow-up,Cancelled,General consultation for prospective clients,2023-05-03 17:08:51
Dream Homes North Star Greenwich,"810 Johns Ports, Greenwich, CT",jesse.kane9072@example.com,donna.meadows3689@dreamhomes.com; katherine.miller6806@dreamhomes.com,Viewing,Completed,Covered financing readiness and next steps,2023-05-15 23:55:42
Dream Homes Harbor Newark,"369 Jones Meadows, Jersey City, NJ",david.rodriguez7820@example.com; erica.lynch3304@example.com,bryan.riddle4780@dreamhomes.com,Follow-up,Completed,General consultation for prospective clients,2023-05-31 19:27:22
Dream Homes Garden Jersey City,"351 Moreno Terrace, Hoboken, NJ",roberto.yates4694@example.com,janet.kim9646@dreamhomes.com; julia.roberson8712@dreamhomes.com,Consultation,Completed,Reviewed rental screening requirements,2023-06-01 12:42:10
Dream Homes North Star Greenwich,"749 David Mill, Greenwich, CT",travis.robinson7859@example.com,katherine.miller6806@dreamhomes.com,Consultation,Completed,Walk-through focused on layout and neighborhood fit,2023-06-07 14:05:28
Dream Homes Harbor Newark,"380 Lauren Turnpike, Edgewater, NJ",michele.ramirez8429@example.com,damon.gonzalez618@dreamhomes.com; kristen.woods6052@dreamhomes.com,Follow-up,Completed,Walk-through focused on layout and neighborhood fit,2023-06-12 02:40:26
Dream Homes North Star Greenwich,"749 David Mill, Greenwich, CT",david.rodriguez7820@example.com; valerie.peterson3420@example.com,jennifer.tran397@dreamhomes.com,Follow-up,Completed,Discussed pricing expectations and market conditions,2023-06-13 02:14:03
Dream Homes Metro Brooklyn,"123 Mays Parks, Bronx, NY",erica.lynch3304@example.com,stanley.mooney4062@dreamhomes.com,Viewing,Completed,General consultation for prospective clients,2023-06-14 23:52:19
Dream Homes Garden Jersey City,"428 Contreras Roads, Hoboken, NJ",erica.lynch3304@example.com,damon.gonzalez618@dreamhomes.com; kristen.woods6052@dreamhomes.com,Viewing,Completed,General consultation for prospective clients,2023-06-27 22:54:51
Dream Homes Harbor Newark,"550 Mccarthy Place, Jersey City, NJ",blake.miller5098@example.com,julia.roberson8712@dreamhomes.com,Follow-up,Completed,Reviewed rental screening requirements,2023-07-01 22:23:47
Dream Homes North Star Greenwich,"640 Brian Avenue, Greenwich, CT",kristen.cox5628@example.com,sheila.byrd4387@dreamhomes.com,Consultation,Completed,Walk-through focused on layout and neighborhood fit,2023-07-02 14:18:15
Dream Homes Metro Queens,"100 Anthony Field, Queens, NY",eric.silva9746@example.com,frank.preston2605@dreamhomes.com,Viewing,Completed,Covered financing readiness and next steps,2023-07-03 16:28:51
Dream Homes Metro Brooklyn,"187 Herbert Ridges, Long Island City, NY",eric.silva9746@example.com; sarah.armstrong4883@example.com,jill.carrillo7109@dreamhomes.com,Follow-up,Cancelled,General consultation for prospective clients,2023-07-05 07:08:09
Dream Homes Harbor Newark,"446 Tammie Path, Hoboken, NJ",travis.robinson7859@example.com,julia.roberson8712@dreamhomes.com,Consultation,Scheduled,Reviewed rental screening requirements,2023-07-18 14:18:31
Dream Homes North Star Greenwich,"810 Johns Ports, Greenwich, CT",eric.silva9746@example.com; kristen.cox5628@example.com,jennifer.tran397@dreamhomes.com,Viewing,Cancelled,Walk-through focused on layout and neighborhood fit,2023-07-20 03:28:47
Dream Homes North Star Greenwich,"617 Allen Mills, Greenwich, CT",eric.silva9746@example.com; jesse.kane9072@example.com,donna.meadows3689@dreamhomes.com; katherine.miller6806@dreamhomes.com,Viewing,Scheduled,Covered financing readiness and next steps,2023-07-24 14:13:37
Dream Homes Garden Jersey City,"428 Contreras Roads, Hoboken, NJ",cassandra.collins9638@example.com,bryan.riddle4780@dreamhomes.com,Follow-up,Completed,Covered financing readiness and next steps,2023-07-24 17:25:47
Dream Homes Metro Brooklyn,"187 Herbert Ridges, Long Island City, NY",travis.robinson7859@example.com,angela.woods7376@dreamhomes.com; jill.carrillo7109@dreamhomes.com,Viewing,Scheduled,Covered financing readiness and next steps,2023-07-25 11:29:10
Dream Homes Metro Queens,"100 Anthony Field, Queens, NY",jesse.kane9072@example.com,frank.preston2605@dreamhomes.com,Follow-up,Completed,Covered financing readiness and next steps,2023-07-28 02:50:12
Dream Homes Metro Queens,"260 Scott Isle, Long Island City, NY",jeffery.smith7042@example.com,jill.carrillo7109@dreamhomes.com,Consultation,Cancelled,Discussed pricing expectations and market conditions,2023-08-07 23:03:45
Dream Homes Metro Queens,"338 Clark Mountains, Brooklyn, NY",valerie.peterson3420@example.com,erica.rogers3495@dreamhomes.com; jill.carrillo7109@dreamhomes.com,Consultation,Completed,Reviewed rental screening requirements,2023-08-09 11:48:58
Dream Homes Gold Coast Stamford,"806 Jennifer Mews, Bridgeport, CT",blake.miller5098@example.com; cassandra.collins9638@example.com,jennifer.tran397@dreamhomes.com; vanessa.gomez6042@dreamhomes.com,Consultation,Completed,Reviewed rental screening requirements,2023-08-19 19:02:34
Dream Homes Metro Queens,"245 Cassie Fort, New York, NY",blake.miller5098@example.com; mark.snow7495@example.com,jill.carrillo7109@dreamhomes.com,Follow-up,Completed,Covered financing readiness and next steps,2023-08-25 09:12:30
Dream Homes North Star Greenwich,"749 David Mill, Greenwich, CT",mark.snow7495@example.com,katherine.miller6806@dreamhomes.com; sheila.byrd4387@dreamhomes.com,Consultation,Cancelled,General consultation for prospective clients,2023-09-03 13:59:30
Dream Homes Metro Brooklyn,"314 Sawyer Common, Brooklyn, NY",sarah.armstrong4883@example.com,jill.carrillo7109@dreamhomes.com; stanley.mooney4062@dreamhomes.com,Consultation,Completed,General consultation for prospective clients,2023-09-04 01:00:51
Dream Homes Metro Brooklyn,"278 Troy Village, Long Island City, NY",roberto.yates4694@example.com,erica.rogers3495@dreamhomes.com,Follow-up,Completed,Walk-through focused on layout and neighborhood fit,2023-09-21 11:36:06
Dream Homes North Star Greenwich,"591 Scott Inlet, New Haven, CT",cassandra.collins9638@example.com,tina.ramirez1373@dreamhomes.com,Viewing,Completed,Reviewed rental screening requirements,2023-09-24 00:42:50
Dream Homes Harbor Newark,"550 Mccarthy Place, Jersey City, NJ",catherine.payne4177@example.com,damon.gonzalez618@dreamhomes.com,Follow-up,Completed,Walk-through focused on layout and neighborhood fit,2023-09-25 17:18:02
Dream Homes Metro Brooklyn,"278 Troy Village, Long Island City, NY",roberto.yates4694@example.com,erica.rogers3495@dreamhomes.com; stanley.mooney4062@dreamhomes.com,Viewing,Completed,Covered financing readiness and next steps,2023-10-07 11:43:46
Dream Homes Harbor Newark,"410 Stephanie Pike, Hoboken, NJ",eric.silva9746@example.com,bryan.riddle4780@dreamhomes.com; kristen.woods6052@dreamhomes.com,Viewing,Completed,Discussed pricing expectations and market conditions,2023-10-08 08:32:29
Dream Homes Metro Queens,"338 Clark Mountains, Brooklyn, NY",cassandra.collins9638@example.com,angela.woods7376@dreamhomes.com,Follow-up,Completed,General consultation for prospective clients,2023-10-10 21:54:27
Dream Homes Harbor Newark,"444 Ryan Dale, Hoboken, NJ",sarah.armstrong4883@example.com; travis.robinson7859@example.com,janet.kim9646@dreamhomes.com,Consultation,Completed,Discussed pricing expectations and market conditions,2023-10-11 02:57:21
Dream Homes Metro Queens,"260 Scott Isle, Long Island City, NY",travis.robinson7859@example.com,jill.carrillo7109@dreamhomes.com,Follow-up,Completed,Reviewed rental screening requirements,2023-10-12 03:44:17
Dream Homes Metro Queens,"307 Candice Center, New York, NY",melissa.ross1428@example.com,angela.woods7376@dreamhomes.com,Viewing,Completed,Discussed pricing expectations and market conditions,2023-10-18 07:54:10
Dream Homes Harbor Newark,"516 Beverly Port, Newark, NJ",david.rodriguez7820@example.com; roberto.yates4694@example.com,bryan.riddle4780@dreamhomes.com; damon.gonzalez618@dreamhomes.com,Viewing,Scheduled,General consultation for prospective clients,2023-10-25 01:52:46
Dream Homes Metro Queens,"307 Candice Center, New York, NY",david.rodriguez7820@example.com; roberto.yates4694@example.com,crystal.powell2551@dreamhomes.com,Viewing,Scheduled,Discussed pricing expectations and market conditions,2023-10-27 01:51:32
Dream Homes North Star Greenwich,"640 Brian Avenue, Greenwich, CT",david.rodriguez7820@example.com,donna.meadows3689@dreamhomes.com,Consultation,Completed,Covered financing readiness and next steps,2023-11-16 20:27:14
Dream Homes Metro Brooklyn,"278 Troy Village, Long Island City, NY",valerie.peterson3420@example.com,stanley.mooney4062@dreamhomes.com,Follow-up,Cancelled,Reviewed rental screening requirements,2023-11-16 21:35:32
Dream Homes North Star Greenwich,"749 David Mill, Greenwich, CT",melissa.ross1428@example.com,vanessa.gomez6042@dreamhomes.com,Viewing,Completed,Reviewed rental screening requirements,2023-12-01 04:57:44
Dream Homes Harbor Newark,"369 Jones Meadows, Jersey City, NJ",cassandra.collins9638@example.com,damon.gonzalez618@dreamhomes.com; janet.kim9646@dreamhomes.com,Consultation,Scheduled,General consultation for prospective clients,2023-12-07 15:16:06
Dream Homes Metro Queens,"338 Clark Mountains, Brooklyn, NY",jesse.kane9072@example.com,crystal.powell2551@dreamhomes.com,Viewing,Scheduled,General consultation for prospective clients,2023-12-10 23:53:17
Dream Homes Harbor Newark,"516 Beverly Port, Newark, NJ",cassandra.collins9638@example.com,karen.clark2103@dreamhomes.com,Consultation,Completed,Covered financing readiness and next steps,2023-12-23 02:05:54
